,Unnamed: 0.1,Unnamed: 0,No_Species,Community,Lineage,Le_mean,Le_std,Diversity,Ecological_Dynamics
0,0,0,4.0,0.0,0.0,-0.000721612755339093,4.368071529507975e-05,2,stable
1,1,1,4.0,0.0,1.0,-0.0007203976084344301,4.2829949367546714e-05,2,stable
2,2,2,4.0,0.0,2.0,-0.000726477889268097,5.902966023011519e-05,2,stable
3,3,3,4.0,0.0,3.0,-0.0007269197484625161,6.722029989665265e-05,2,stable
4,4,4,4.0,0.0,4.0,-0.0004423070029226839,0.0003859830530818286,2,stable
5,5,5,4.0,1.0,0.0,-0.0005304648922979188,0.0003751234543386403,3,stable
6,6,6,4.0,1.0,1.0,-0.00046344464060129296,0.00040451029591290937,3,stable
7,7,7,4.0,1.0,2.0,-0.0005527457524313165,0.0003908646619447064,3,stable
8,8,8,4.0,1.0,3.0,-0.00028388379262902455,0.00042479397851093306,3,stable
9,9,9,4.0,1.0,4.0,-0.0006625430519791198,0.0002837680504866126,3,stable
10,10,10,4.0,2.0,0.0,-0.0007126879072526233,0.0010263008372432044,2,stable
11,11,11,4.0,2.0,1.0,-0.0007531580477268304,0.0011236362557021256,2,stable
12,12,12,4.0,2.0,2.0,-0.0006078027015576881,0.000839053290470244,2,stable
13,13,13,4.0,2.0,3.0,-0.00066974931677516,0.0010675934778118785,2,stable
14,14,14,4.0,2.0,4.0,-0.0006773031707506807,0.0009627532122124878,2,stable
15,15,15,4.0,3.0,0.0,-0.0007034270740353123,0.00037815008072989505,3,stable
16,16,16,4.0,3.0,1.0,-0.00046254241907085856,0.00038554996571250606,3,stable
17,17,17,4.0,3.0,2.0,-0.0008983053135799866,0.00016572635589576755,3,stable
18,18,18,4.0,3.0,3.0,-0.0008742658432552269,0.00023785634438838773,3,stable
19,19,19,4.0,3.0,4.0,-0.0006541719512477149,0.00044373049086510056,3,stable
20,20,20,4.0,4.0,0.0,-0.0008694758242732504,0.000375277984141892,3,stable
21,21,21,4.0,4.0,1.0,-0.0008759375380261454,0.00015932058821570023,3,stable
22,22,22,4.0,4.0,2.0,-0.0008342117805620372,0.00032847856517677067,3,stable
23,23,23,4.0,4.0,3.0,-0.000456671317260286,0.00041704944079620624,3,stable
24,24,24,4.0,4.0,4.0,-0.0006897824354949602,0.0003761537959897163,3,stable
25,25,25,4.0,5.0,0.0,-0.0007149255035551909,0.00036918962927969765,3,stable
26,26,26,4.0,5.0,1.0,-0.0007510138446267493,0.0003677688519529767,3,stable
27,27,27,4.0,5.0,2.0,-0.0007044372250876328,0.0004021788000452062,3,stable
28,28,28,4.0,5.0,3.0,-0.0007126863596360531,0.0003883127881401016,3,stable
29,29,29,4.0,5.0,4.0,-0.0006223899307594566,0.00039078830363711793,3,stable
30,30,30,7.0,0.0,0.0,-0.0007848026312991474,0.0006281547017383468,3,stable
31,31,31,7.0,0.0,1.0,-0.0007084599300876447,0.0006548866535271841,3,stable
32,32,32,7.0,0.0,2.0,-0.0008044801114769313,0.000616390684619427,3,stable
33,33,33,7.0,0.0,3.0,-0.0007276810672852579,0.000635637014715033,3,stable
34,34,34,7.0,0.0,4.0,-0.0007761964805901229,0.000614672689500407,3,stable
35,35,35,7.0,1.0,0.0,-0.00029619783307545074,0.0008913945993036203,2,stable
36,36,36,7.0,1.0,1.0,-0.0009747705404344415,0.00028706947648663827,3,stable
37,37,37,7.0,1.0,2.0,-0.0016595381770016695,0.0017251571181024264,3,stable
38,38,38,7.0,1.0,3.0,-0.0011070942080404853,0.0013202535829980443,3,stable
39,39,39,7.0,1.0,4.0,-0.0012210139178845422,0.0011581568391636906,3,stable
40,40,40,7.0,2.0,0.0,-0.0012985055991885093,0.0013397444281056947,3,stable
41,41,41,7.0,2.0,1.0,-0.0010467241178725747,0.0003039396688485042,3,stable
42,42,42,7.0,2.0,2.0,-0.0012931420600791593,0.0010399521322279513,3,stable
43,43,43,7.0,2.0,3.0,-0.0014665441327695347,0.0012541974580962132,3,stable
44,44,44,7.0,2.0,4.0,-0.0011181205232023178,0.0007998540102999717,3,stable
45,45,45,7.0,3.0,0.0,-0.0017212228780726841,0.0016909551451478452,3,stable
46,46,46,7.0,3.0,1.0,-0.0012418887281402426,0.0010162605410287103,3,stable
47,47,47,7.0,3.0,2.0,-0.001409892382466979,0.0013110521852046663,3,stable
48,48,48,7.0,3.0,3.0,-0.0012747238917173206,0.0010270772211117445,3,stable
49,49,49,7.0,3.0,4.0,-0.0014717162501342311,0.0015779573091971686,3,stable
50,50,50,7.0,4.0,0.0,-0.0005756400750572526,0.0004630537808500789,4,stable
51,51,51,7.0,4.0,1.0,-0.0006345775976754188,0.0004831613176853858,4,stable
52,52,52,7.0,4.0,2.0,-0.0005151439047969897,0.0003020954621566499,4,stable
53,53,53,7.0,4.0,3.0,-0.0015737882494114089,3.266331251632131e-05,4,stable
54,54,54,7.0,4.0,4.0,-0.0015616446562255932,5.125202113529509e-05,4,stable
55,55,55,7.0,5.0,0.0,-0.0006118269534026516,0.00013490160103266744,4,stable
56,56,56,7.0,5.0,1.0,-0.000593798845806449,0.00025399822945638213,4,stable
57,57,57,7.0,5.0,2.0,-0.0008073400716173939,0.0008026018031161116,4,stable
58,58,58,7.0,5.0,3.0,-0.0005321465036901775,0.0002708111763637302,4,stable
59,59,59,7.0,5.0,4.0,-0.0005213203656278528,0.0002299443948255803,4,stable
60,60,60,10.0,0.0,0.0,-0.001294842754660146,0.0004594492789105906,4,stable
61,61,61,10.0,0.0,1.0,-0.0015640672011369623,0.0003061815897017211,4,stable
62,62,62,10.0,0.0,2.0,-0.0012784659604071643,0.00035042347880496116,4,stable
63,63,63,10.0,0.0,3.0,-0.0014501287365455058,0.00039856961917774736,4,stable
64,64,64,10.0,0.0,4.0,-0.0015426418488633277,0.0003051609845792864,4,stable
65,65,65,10.0,1.0,0.0,-0.0006901196008418151,0.00047797910574595503,5,stable
66,66,66,10.0,1.0,1.0,-0.0007458767432325165,0.0004974900857404087,5,stable
67,67,67,10.0,1.0,2.0,-0.000932683859375261,0.00012695254961791715,5,stable
68,68,68,10.0,1.0,3.0,-0.0006966657505995944,0.0004280529229865808,5,stable
69,69,69,10.0,1.0,4.0,-0.0005598474876031763,0.00033656372460335823,5,stable
70,70,70,10.0,2.0,0.0,-0.0012162837993023037,0.0002947990136381832,4,stable
71,71,71,10.0,2.0,1.0,-0.001099359322609726,0.0004128703317435371,4,stable
72,72,72,10.0,2.0,2.0,-0.001074684131309114,0.00045783893432786054,4,stable
73,73,73,10.0,2.0,3.0,-0.0011619433433687706,0.0004297504656810684,4,stable
74,74,74,10.0,2.0,4.0,-0.0011607953877670058,0.0003339752483798929,4,stable
75,75,75,10.0,3.0,0.0,-0.0008272629537454436,0.00018753103446660012,6,stable
76,76,76,10.0,3.0,1.0,-0.0007491755871614301,0.00021118631429359653,6,stable
77,77,77,10.0,3.0,2.0,-0.0008236429759185544,0.00023199262411348389,6,stable
78,78,78,10.0,3.0,3.0,-0.0007840612394898177,0.0001557039965465204,6,stable
79,79,79,10.0,3.0,4.0,-0.0007644130019909607,0.0018621211297075893,3,stable
80,80,80,10.0,4.0,0.0,-0.001119666524349064,0.000456243622461793,4,stable
81,81,81,10.0,4.0,1.0,-0.0012345789872884945,0.0003819223484853284,4,stable
82,82,82,10.0,4.0,2.0,-0.0012303433044862672,0.0003924953138123536,4,stable
83,83,83,10.0,4.0,3.0,-0.0011662182061689895,0.0004540584463604596,4,stable
84,84,84,10.0,4.0,4.0,-0.0011801916673010507,0.0004085358765370145,4,stable
85,85,85,10.0,5.0,0.0,-0.0009962146451879031,0.00016906372377355016,5,stable
86,86,86,10.0,5.0,1.0,-0.0006885258880970684,0.00046165881772271283,5,stable
87,87,87,10.0,5.0,2.0,-0.0011348455172281986,0.0003110700077228321,4,stable
88,88,88,10.0,5.0,3.0,-0.0011900559414963895,0.0005969220131041262,4,stable
89,89,89,10.0,5.0,4.0,-0.0009810034593305654,9.066767233893895e-05,5,stable
90,90,90,13.0,0.0,0.0,-0.0003987758934861895,0.00027261114075982195,5,stable
91,91,91,13.0,0.0,1.0,-0.00049711363830421,0.000691673708724757,5,stable
92,92,92,13.0,0.0,2.0,-0.0004186301287669531,0.0004124294031896837,5,stable
93,93,93,13.0,0.0,3.0,-0.00037673692845514373,0.00026551897283081256,5,stable
94,94,94,13.0,0.0,4.0,-0.00041733589361023547,0.00024201334538135396,5,stable
95,95,95,13.0,1.0,0.0,-0.0010543135441253794,0.00048383210670622763,5,stable
96,96,96,13.0,1.0,1.0,-0.001553823436060201,2.4734909109922397e-05,5,stable
97,97,97,13.0,1.0,2.0,-0.0008247021144360753,0.0015865610999713316,2,stable
98,98,98,13.0,1.0,3.0,-0.001099128943700838,0.00026874602633124593,5,stable
99,99,99,13.0,1.0,4.0,6.0590870999206994e-06,8.512923759035375e-05,2,stable
100,100,100,13.0,2.0,0.0,-0.00029473487462114005,0.00039222076740333915,4,stable
101,101,101,13.0,2.0,1.0,-0.0004935031861440754,0.0007868647925327048,4,stable
102,102,102,13.0,2.0,2.0,-0.0005059263665730814,0.0004169916881143127,4,stable
103,103,103,13.0,2.0,3.0,-0.0004676418704403102,0.0006166859387402711,4,stable
104,104,104,13.0,2.0,4.0,-0.0001502392239520043,6.131153395050714e-05,4,stable
105,105,105,13.0,3.0,0.0,0.00048516248376626525,0.00032762168946107227,4,stable
106,106,106,13.0,3.0,1.0,0.0003423359081566808,0.0005442607413446589,4,stable
107,107,107,13.0,3.0,2.0,-0.0008139900626729849,0.0012467369508077806,4,stable
108,108,108,13.0,3.0,3.0,0.00036693947187050674,0.0007512233297230004,4,stable
109,109,109,13.0,3.0,4.0,-0.00041116405070626226,0.0009692879406774941,4,stable
110,110,110,13.0,4.0,0.0,0.00021285647788746756,0.0004569203395747728,4,stable
111,111,111,13.0,4.0,1.0,0.00021240831254560832,0.00037369532033511445,4,stable
112,112,112,13.0,4.0,2.0,0.00022317330764611929,0.0003001180540629605,4,stable
113,113,113,13.0,4.0,3.0,-0.0005655906585727398,0.0008174956081363841,4,stable
114,114,114,13.0,4.0,4.0,-0.0002729807511158958,0.00029243770158284807,4,stable
115,115,115,13.0,5.0,0.0,-7.628892944724325e-05,0.001003184862946986,6,chaotic-like
116,116,116,13.0,5.0,1.0,6.633144759056429e-05,0.002155208850223002,6,chaotic-like
117,117,117,13.0,5.0,2.0,0.00026684221024865366,0.0014607531145830789,6,chaotic-like
118,118,118,13.0,5.0,3.0,0.00014871751119960997,0.0017578621835216432,6,chaotic-like
119,119,119,13.0,5.0,4.0,0.00013053769448641305,0.0015786941064874788,6,chaotic-like
120,120,120,16.0,0.0,0.0,-0.0006410148150798142,0.0002186101720387118,6,stable
121,121,121,16.0,0.0,1.0,-0.001496455231701278,2.155509621926318e-05,6,stable
122,122,122,16.0,0.0,2.0,-0.0014952496629524151,2.572957673215462e-05,6,stable
123,123,123,16.0,0.0,3.0,-0.0014827310269668018,9.609463699473047e-05,6,stable
124,124,124,16.0,0.0,4.0,-0.0014609151113389204,0.00015749121092644333,6,stable
125,125,125,16.0,1.0,0.0,-0.0010525537119804318,0.0006299454201158575,7,stable
126,126,126,16.0,1.0,1.0,-0.0013344992962617025,0.0005525184065174141,7,stable
127,127,127,16.0,1.0,2.0,-0.001062880128967828,0.0006507953590714662,7,stable
128,128,128,16.0,1.0,3.0,-0.0012663459670395419,0.00026351299981487107,7,stable
129,129,129,16.0,1.0,4.0,-0.0012880954376642598,0.0003259625876609642,7,stable
130,130,130,16.0,2.0,0.0,-0.00043432391445240363,0.001182885271874141,5,stable
131,131,131,16.0,2.0,1.0,-0.0005414269458074466,0.0010108013182471203,5,stable
132,132,132,16.0,2.0,2.0,-0.0007128370715671153,0.0012819295426789138,5,stable
133,133,133,16.0,2.0,3.0,0.000343425606470291,0.00023492268536498995,5,stable
134,134,134,16.0,2.0,4.0,-0.0003407335848264664,0.0008866068739739319,5,stable
135,135,135,16.0,3.0,0.0,-0.0003801225117960411,0.00028656544029469433,5,stable
136,136,136,16.0,3.0,1.0,-0.00048138844913668473,0.0003690210669040648,5,stable
137,137,137,16.0,3.0,2.0,-0.0005453679453768439,0.00037850603710956116,5,stable
138,138,138,16.0,3.0,3.0,-0.0004410191714717043,0.0003699397377109434,5,stable
139,139,139,16.0,3.0,4.0,-0.0003051852901174989,0.0002880436557039354,5,stable
140,140,140,16.0,4.0,0.0,-0.0006526479488866163,0.0009023362799839836,5,stable
141,141,141,16.0,4.0,1.0,-0.0004723304830636235,0.00032758662578611454,5,stable
142,142,142,16.0,4.0,2.0,-0.0005157485424314989,0.00038722615102092044,5,stable
143,143,143,16.0,4.0,3.0,-0.0005884839192286438,0.0008826477267451853,4,stable
144,144,144,16.0,4.0,4.0,-0.0005305814726726737,0.00022929290351981677,5,stable
145,145,145,16.0,5.0,0.0,-0.000308755787376752,0.0004114845681938489,5,stable
146,146,146,16.0,5.0,1.0,-0.0002805557015152581,0.0004105340086835498,5,stable
147,147,147,16.0,5.0,2.0,-0.0006317467169095099,0.00014326250224259407,4,stable
148,148,148,16.0,5.0,3.0,-0.00040885703219232757,0.0007448142827647909,4,stable
149,149,149,16.0,5.0,4.0,-0.0004349786331250107,0.0006286855179580688,4,stable
150,150,150,19.0,0.0,0.0,4.810630067866677e-05,0.001157612714131329,16,chaotic-like
151,151,151,19.0,0.0,1.0,8.398399303568187e-05,0.0010851489536019465,16,chaotic-like
152,152,152,19.0,0.0,2.0,7.87546273121808e-05,0.0012444700172267935,16,chaotic-like
153,153,153,19.0,0.0,3.0,9.770566210576082e-05,0.0012972686959741469,16,chaotic-like
154,154,154,19.0,0.0,4.0,-1.825685314090767e-05,0.0009694292527488804,16,chaotic-like
155,155,155,19.0,1.0,0.0,-0.0008999429048060453,0.00041729432753630143,4,stable
156,156,156,19.0,1.0,1.0,-0.0012170860227450893,0.0005964103919462441,8,stable
157,157,157,19.0,1.0,2.0,-0.0009032900003634606,0.0003568876956494198,4,stable
158,158,158,19.0,1.0,3.0,-0.0009128974523491748,0.0004289545125844845,4,stable
159,159,159,19.0,1.0,4.0,-0.0008834815823864342,0.00043557479063494254,4,stable
160,160,160,19.0,2.0,0.0,-0.00046669671268361466,0.00034327928021951143,3,stable
161,161,161,19.0,2.0,1.0,-0.0002571110061371768,0.0006031726429352942,5,stable
162,162,162,19.0,2.0,2.0,-0.001723495856289254,0.00021393654124853662,7,stable
163,163,163,19.0,2.0,3.0,-0.001706909572392077,0.0002823246055417304,7,stable
164,164,164,19.0,2.0,4.0,-0.000497459580325441,0.0011658133153911597,3,stable
165,165,165,19.0,3.0,0.0,7.731183430486409e-05,0.0014706612814217983,14,chaotic-like
166,166,166,19.0,3.0,1.0,-0.0018326538956602585,7.775000386634102e-05,7,stable
167,167,167,19.0,3.0,2.0,-0.0018201930391535798,9.934316027619836e-05,7,stable
168,168,168,19.0,3.0,3.0,-0.0018388728820708223,3.2961294093452775e-05,7,stable
169,169,169,19.0,3.0,4.0,-5.602447332884845e-05,0.0012247865337884109,14,chaotic-like
170,170,170,19.0,4.0,0.0,-0.00031095255447665304,0.0010556272517266067,3,stable
171,171,171,19.0,4.0,1.0,-0.00035720205381971896,0.0010981694262266891,3,stable
172,172,172,19.0,4.0,2.0,-0.0007916247701782533,0.00038972903416358234,3,stable
173,173,173,19.0,4.0,3.0,-0.0003294634610414928,0.0009030425261025504,3,stable
174,174,174,19.0,4.0,4.0,-0.0002375760800261535,0.0007310910118049859,3,stable
175,175,175,19.0,5.0,0.0,-0.00036281820948772225,0.0005401602437905403,6,stable
176,176,176,19.0,5.0,1.0,0.00012141935312147242,0.0020743593313791117,8,oscillations
177,177,177,19.0,5.0,2.0,-0.0003964623899839695,0.00047243933924752087,6,stable
178,178,178,19.0,5.0,3.0,-0.0006121089811283028,0.00048197406719466967,6,stable
179,179,179,19.0,5.0,4.0,-0.00033633733626594556,0.0003468846348533948,6,stable
180,180,180,22.0,0.0,0.0,-0.001075595042213619,0.0007320735778392165,5,stable
181,181,181,22.0,0.0,1.0,-0.0008680718361272797,0.0003244243951794477,5,stable
182,182,182,22.0,0.0,2.0,-0.0010125912973783621,0.0003552166938557981,5,stable
183,183,183,22.0,0.0,3.0,-0.0010873150051636002,0.0007778700942934157,5,stable
184,184,184,22.0,0.0,4.0,-0.0003474612353867759,0.00018675608706452223,5,stable
185,185,185,22.0,1.0,0.0,-0.0003843825136533303,0.0007280313418066233,3,stable
186,186,186,22.0,1.0,1.0,-0.0004301899761966401,0.0004318575752149958,7,stable
187,187,187,22.0,1.0,2.0,-0.0006995623057673274,0.00026190012705218894,7,stable
188,188,188,22.0,1.0,3.0,-0.00037839730435463914,0.0005567957058264906,3,stable
189,189,189,22.0,1.0,4.0,-0.0004944733662076593,0.0012948105216346348,3,stable
190,190,190,22.0,2.0,0.0,0.0002553520588001304,0.001162812251688305,13,chaotic-like
191,191,191,22.0,2.0,1.0,0.00015650124362238954,0.0010366353476575717,12,chaotic-like
192,192,192,22.0,2.0,2.0,0.00016814912131059168,0.0009701067780699926,12,chaotic-like
193,193,193,22.0,2.0,3.0,0.00018917451787899488,0.0014535835989412079,11,chaotic-like
194,194,194,22.0,2.0,4.0,4.375039303515597e-05,0.0009514441371174729,14,chaotic-like
195,195,195,22.0,3.0,0.0,-0.0005314433587068625,0.0001779310463476159,4,stable
196,196,196,22.0,3.0,1.0,-0.0004849033287176235,0.00014234021603729623,4,stable
197,197,197,22.0,3.0,2.0,-0.0005025560486278538,9.114106769702684e-05,4,stable
198,198,198,22.0,3.0,3.0,-0.0005107420676296369,0.0001992078635782815,4,stable
199,199,199,22.0,3.0,4.0,-0.00048198623771116564,0.00015184051078582283,4,stable
200,200,200,22.0,4.0,0.0,-0.0008633022517234967,0.000430727730934034,5,stable
201,201,201,22.0,4.0,1.0,-0.0008109164089665693,0.0005258761550993383,5,stable
202,202,202,22.0,4.0,2.0,-0.0006735133414138571,0.0008249179979748331,3,stable
203,203,203,22.0,4.0,3.0,-0.0006634995808576823,0.0006960840938574336,3,stable
204,204,204,22.0,4.0,4.0,-0.0006825609615671868,0.000137766007982065,4,stable
205,205,205,22.0,5.0,0.0,-0.000996471419791293,0.0004395255413691173,5,stable
206,206,206,22.0,5.0,1.0,-0.0009524713128406888,0.00045472605399761494,5,stable
207,207,207,22.0,5.0,2.0,-0.0009429527829846243,0.00046365727372499837,5,stable
208,208,208,22.0,5.0,3.0,-0.0009609034572264782,0.00045120585416069073,5,stable
209,209,209,22.0,5.0,4.0,-0.0008816875985434949,0.0004858474814322907,5,stable
210,210,210,25.0,0.0,0.0,-3.0898808427610744e-05,0.0023378441147108016,8,chaotic-like
211,211,211,25.0,0.0,1.0,-6.241887318551063e-05,0.0030954770970013697,8,chaotic-like
212,212,212,25.0,0.0,2.0,-0.0001127770774910278,0.0022878443779956303,8,chaotic-like
213,213,213,25.0,0.0,3.0,-0.0004999180291606094,0.0013205938411755263,4,stable
214,214,214,25.0,0.0,4.0,-4.1222600629361215e-05,0.0019634008756169137,8,chaotic-like
215,215,215,25.0,1.0,0.0,-2.314769419535362e-05,0.0016356528211165997,16,chaotic-like
216,216,216,25.0,1.0,1.0,0.00012946381151663134,0.0015093976186778444,15,chaotic-like
217,217,217,25.0,1.0,2.0,0.00014877773558987444,0.0014257025854756955,16,chaotic-like
218,218,218,25.0,1.0,3.0,-2.3754851341326733e-05,0.0013155489237869997,15,stable
219,219,219,25.0,1.0,4.0,0.00011943810320016076,0.0003060185019565896,9,stable
220,220,220,25.0,2.0,0.0,-0.0006734269225676622,0.00022931701217878892,6,stable
221,221,221,25.0,2.0,1.0,-0.0006658501771125246,0.00019761971206558692,6,stable
222,222,222,25.0,2.0,2.0,-0.0006337165014310886,0.00038386730607878957,6,stable
223,223,223,25.0,2.0,3.0,-0.001103244572817571,0.00010984974781095201,6,stable
224,224,224,25.0,2.0,4.0,-0.0006663396468307908,0.00019529530252227254,6,stable
225,225,225,25.0,3.0,0.0,-0.00028342514385541675,0.0007348366692467905,7,stable
226,226,226,25.0,3.0,1.0,-0.00021687510815330033,0.0006636318269647663,7,stable
227,227,227,25.0,3.0,2.0,2.106871268151654e-05,4.061505470038968e-05,7,stable
228,228,228,25.0,3.0,3.0,-0.00011966236615290272,0.0004117418182638156,7,stable
229,229,229,25.0,3.0,4.0,-6.916072653172295e-05,0.0003218763467821207,7,stable
230,230,230,25.0,4.0,0.0,0.00011584710826595675,0.0010370474936628863,21,chaotic-like
231,231,231,25.0,4.0,1.0,0.00030533649931584986,0.0016910228936742905,17,chaotic-like
232,232,232,25.0,4.0,2.0,6.377074354821223e-05,0.0012396538484976138,22,chaotic-like
233,233,233,25.0,4.0,3.0,0.000203926007498198,0.0010845297929338283,20,chaotic-like
234,234,234,25.0,4.0,4.0,-6.617980314655586e-06,0.001570187181195929,23,chaotic-like
235,235,235,25.0,5.0,0.0,3.24554001714423e-05,0.0016618759547285325,13,oscillations
236,236,236,25.0,5.0,1.0,-7.369795931710826e-05,0.001334640043805826,13,oscillations
237,237,237,25.0,5.0,2.0,3.95612184310511e-05,0.0011571183581421825,13,oscillations
238,238,238,25.0,5.0,3.0,-8.337680487501773e-06,0.0008128256654273278,13,oscillations
239,239,239,25.0,5.0,4.0,-8.818644735089641e-05,0.0010435058207805914,13,oscillations
240,240,240,28.0,0.0,0.0,-0.0009710673347671113,0.00015878719024974998,6,stable
241,241,241,28.0,0.0,1.0,-0.0010609221066164528,0.000756171537233575,6,stable
242,242,242,28.0,0.0,2.0,-0.0009841050940755474,0.0004123683395666742,6,stable
243,243,243,28.0,0.0,3.0,0.00012447794174271897,0.0015416813349036303,6,stable
244,244,244,28.0,0.0,4.0,-0.001026525558082379,0.0003984169212684118,6,stable
245,245,245,28.0,1.0,0.0,-1.99506734599696e-05,0.0012251227509737005,19,chaotic-like
246,246,246,28.0,1.0,1.0,-0.0007041892739486652,0.00038040523583177235,7,stable
247,247,247,28.0,1.0,2.0,-0.00011350703547456129,0.0012765199569564555,19,chaotic-like
248,248,248,28.0,1.0,3.0,8.359898132514549e-05,0.0013757611217655949,19,chaotic-like
249,249,249,28.0,1.0,4.0,-2.5905450647091892e-05,0.0012377844005639102,19,chaotic-like
250,250,250,28.0,2.0,0.0,-0.0006157444072980792,0.0005218093787372318,5,stable
251,251,251,28.0,2.0,1.0,-0.0007850146652311439,6.05436823378757e-05,5,stable
252,252,252,28.0,2.0,2.0,-0.0005574771365238593,0.0001267420952580921,5,stable
253,253,253,28.0,2.0,3.0,-0.0007272230386742649,0.00015109720784812317,5,stable
254,254,254,28.0,2.0,4.0,-0.0007576931797188776,0.0001404786106794924,5,stable
255,255,255,28.0,3.0,0.0,-0.00021504072946411265,0.0008619420932871355,5,stable
256,256,256,28.0,3.0,1.0,-0.0004209265687753769,0.000932139175292987,5,stable
257,257,257,28.0,3.0,2.0,-0.00047336899547767273,0.00089327459881366,5,stable
258,258,258,28.0,3.0,3.0,-0.0008548777567913238,0.0007491826526224521,7,stable
259,259,259,28.0,3.0,4.0,-0.00015626987937051266,0.0006088449802867079,5,stable
260,260,260,28.0,4.0,0.0,-1.7825782418258396e-06,0.0010900511572903323,11,chaotic-like
261,261,261,28.0,4.0,1.0,-3.5890101297440715e-07,0.000792654474512192,11,chaotic-like
262,262,262,28.0,4.0,2.0,3.087415686720513e-05,0.0011673049832672206,11,chaotic-like
263,263,263,28.0,4.0,3.0,9.004348136947009e-05,0.0011914074486031674,11,chaotic-like
264,264,264,28.0,4.0,4.0,5.6158246059734586e-05,0.0007317474498610138,11,chaotic-like
265,265,265,28.0,5.0,0.0,-0.0005018309423456165,0.0005321554847677975,7,stable
266,266,266,28.0,5.0,1.0,-0.0004471145620167327,0.0005318152051028701,7,stable
267,267,267,28.0,5.0,2.0,-0.00044709611722678364,0.0005620771495582532,7,stable
268,268,268,28.0,5.0,3.0,-0.0006214749597378359,0.00018121870647417807,7,stable
269,269,269,28.0,5.0,4.0,-0.00046390409019985985,0.0006250327857914332,7,stable
270,270,270,31.0,0.0,0.0,-0.000753777863608054,0.00040019061675328096,6,chaotic-like
271,271,271,31.0,0.0,1.0,0.00022665938807936063,0.0010412139223553115,20,chaotic-like
272,272,272,31.0,0.0,2.0,0.00012563810354534674,0.0011921158906386669,20,chaotic-like
273,273,273,31.0,0.0,3.0,2.6862124791378113e-05,0.0010315656364446712,20,chaotic-like
274,274,274,31.0,0.0,4.0,9.459876035416684e-05,0.0010272968311526454,20,chaotic-like
275,275,275,31.0,1.0,0.0,-0.0008540917992542262,0.0003803967036485442,6,stable
276,276,276,31.0,1.0,1.0,-0.0009840038346246164,0.000345346054044029,6,stable
277,277,277,31.0,1.0,2.0,-0.0009661333822914448,0.00034268949588501157,6,stable
278,278,278,31.0,1.0,3.0,-0.0010816004303204822,0.0004262188429690152,6,stable
279,279,279,31.0,1.0,4.0,-0.0009578232754434244,0.00034851033481745323,6,stable
280,280,280,31.0,2.0,0.0,-0.00020759021163805936,0.0010076072369948612,5,stable
281,281,281,31.0,2.0,1.0,-0.0007395700993214647,0.00013016337617936184,6,stable
282,282,282,31.0,2.0,2.0,-0.0008565750569222488,0.0003155342893097744,6,stable
283,283,283,31.0,2.0,3.0,-0.0008471426062649616,0.0003221938485737631,6,stable
284,284,284,31.0,2.0,4.0,-0.0008542782488757128,0.00032901440256587146,6,stable
285,285,285,31.0,3.0,0.0,-0.00012010056096486914,0.001483460341876257,13,chaotic-like
286,286,286,31.0,3.0,1.0,-4.0313057180255693e-05,0.0021042215316089616,13,chaotic-like
287,287,287,31.0,3.0,2.0,-1.61923144049684e-05,0.002259461522213928,13,chaotic-like
288,288,288,31.0,3.0,3.0,-6.308500933784336e-05,0.002443714533415694,13,chaotic-like
289,289,289,31.0,3.0,4.0,-6.283786153242679e-05,0.0021770829574653035,13,chaotic-like
290,290,290,31.0,4.0,0.0,0.00036079605585822064,0.002659212012870931,5,oscillations
291,291,291,31.0,4.0,1.0,-7.195501665003565e-05,0.0011615585699084393,5,oscillations
292,292,292,31.0,4.0,2.0,-0.000987348882197744,0.000200828984629295,7,stable
293,293,293,31.0,4.0,3.0,-0.0011763841800716435,0.0006835415227115637,7,stable
294,294,294,31.0,4.0,4.0,0.00036605508906662187,0.0020644032679698857,9,oscillations
295,295,295,31.0,5.0,0.0,8.699300480936116e-05,0.0005971154590904425,9,oscillations
296,296,296,31.0,5.0,1.0,-2.127976916816141e-05,0.0002624225343680508,9,oscillations
297,297,297,31.0,5.0,2.0,-0.0008725665765571599,0.0005197694142794371,7,stable
298,298,298,31.0,5.0,3.0,-0.0012343751965321749,0.0007256940626774977,7,stable
299,299,299,31.0,5.0,4.0,-0.0012039742432411445,0.0006464055178492357,7,stable
300,300,300,34.0,0.0,0.0,-0.0003117151085219194,0.0003113741910720309,9,stable
301,301,301,34.0,0.0,1.0,-8.495994942985566e-06,0.0010057962854253296,19,chaotic-like
302,302,302,34.0,0.0,2.0,-0.00031542854802702836,0.0004999844165157906,10,stable
303,303,303,34.0,0.0,3.0,-0.0003683186957699798,0.0006300410222796445,9,stable
304,304,304,34.0,0.0,4.0,7.531741694008768e-05,0.0009510897019472462,18,chaotic-like
305,305,305,34.0,1.0,0.0,-0.0005931650722095606,0.000672879205884937,5,stable
306,306,306,34.0,1.0,1.0,-0.0007693686960564446,0.001028813092499054,5,stable
307,307,307,34.0,1.0,2.0,-0.0006451135465947249,0.0008331797957878487,5,stable
308,308,308,34.0,1.0,3.0,-0.0006616191784386789,0.0007880696849330132,5,stable
309,309,309,34.0,1.0,4.0,-0.0004144504923215063,0.0005624563744290877,5,stable
310,310,310,34.0,2.0,0.0,-0.0008860585215631738,0.0017183877902421296,5,stable
311,311,311,34.0,2.0,1.0,-0.0006996997950695465,0.0009360448013218744,5,stable
312,312,312,34.0,2.0,2.0,-0.00065988413723444,0.0010468630204822043,5,stable
313,313,313,34.0,2.0,3.0,-0.0004387493222975188,0.0004089717827729049,5,stable
314,314,314,34.0,2.0,4.0,-0.0009677935415104442,0.00017704871730125267,5,stable
315,315,315,34.0,3.0,0.0,-1.6085423079315823e-05,0.0008198403167823838,21,chaotic-like
316,316,316,34.0,3.0,1.0,-4.1288701574343205e-05,0.0010485823468153678,21,chaotic-like
317,317,317,34.0,3.0,2.0,-2.5325986817532117e-05,0.0013220470605855596,21,chaotic-like
318,318,318,34.0,3.0,3.0,8.65632735995142e-05,0.0011039818887294006,21,chaotic-like
319,319,319,34.0,3.0,4.0,6.612090828920548e-05,0.0006388459087135932,21,chaotic-like
320,320,320,34.0,4.0,0.0,-0.0004957295181440427,0.000655366552550042,4,stable
321,321,321,34.0,4.0,1.0,-0.0003333688055933215,0.0005872873071421286,4,stable
322,322,322,34.0,4.0,2.0,-0.00017168850255263904,0.000257757206120648,4,stable
323,323,323,34.0,4.0,3.0,-0.00033271309195014205,0.0005056793741752532,4,stable
324,324,324,34.0,4.0,4.0,-0.0002661699157153378,0.0005631085981803437,4,stable
325,325,325,34.0,5.0,0.0,0.0002835421706101172,0.0007177979491545784,3,stable
326,326,326,34.0,5.0,1.0,0.0003616639338311416,0.00024007290429044594,3,stable
327,327,327,34.0,5.0,2.0,-0.00022673866611620246,0.0012668851318649516,3,stable
328,328,328,34.0,5.0,3.0,-3.4350476950289084e-06,0.0007551215396723154,3,stable
329,329,329,34.0,5.0,4.0,-0.0004207163932241225,0.0012785819919521357,3,stable
330,330,330,37.0,0.0,0.0,3.386753825823007e-05,0.0003595943224356811,9,oscillations
331,331,331,37.0,0.0,1.0,6.834637241626728e-05,0.0003938198474325516,9,oscillations
332,332,332,37.0,0.0,2.0,0.0003043296335139057,0.0004901854648335772,9,oscillations
333,333,333,37.0,0.0,3.0,0.0001425445510449727,0.00039626802715260993,9,oscillations
334,334,334,37.0,0.0,4.0,-0.00012619200376211677,0.0006537780091471185,6,oscillations
335,335,335,37.0,1.0,0.0,8.869294520672047e-05,0.0011267497994120075,24,chaotic-like
336,336,336,37.0,1.0,1.0,1.3632651966558312e-05,0.0013169900221598465,24,chaotic-like
337,337,337,37.0,1.0,2.0,0.00015041785569533812,0.0017624704448119869,21,chaotic-like
338,338,338,37.0,1.0,3.0,-4.774731487726066e-05,0.0016643737304754276,24,chaotic-like
339,339,339,37.0,1.0,4.0,9.307262618224277e-05,0.0013319137203121035,24,chaotic-like
340,340,340,37.0,2.0,0.0,0.0017281901163430796,0.0021199149395095857,17,chaotic-like
341,341,341,37.0,2.0,1.0,0.0015765959126859887,0.0020762254873963734,20,chaotic-like
342,342,342,37.0,2.0,2.0,0.001459685891306953,0.002035303437795504,16,chaotic-like
343,343,343,37.0,2.0,3.0,0.0015125409244519153,0.0018230827676061147,18,chaotic-like
344,344,344,37.0,2.0,4.0,0.0015799509044920799,0.002191229300165023,20,chaotic-like
345,345,345,37.0,3.0,0.0,-2.144977199588272e-05,0.0005848785024426913,9,oscillations
346,346,346,37.0,3.0,1.0,-3.0289170458383043e-05,0.000648128670413277,9,oscillations
347,347,347,37.0,3.0,2.0,2.0408778811931943e-05,0.0005627355629009958,9,oscillations
348,348,348,37.0,3.0,3.0,-4.7090815956498357e-05,0.0006226279380464182,9,oscillations
349,349,349,37.0,3.0,4.0,-3.489576547586146e-05,0.000648337632581655,9,oscillations
350,350,350,37.0,4.0,0.0,-0.00010293629016462664,0.000980706452677008,28,chaotic-like
351,351,351,37.0,4.0,1.0,0.00014991554122544448,0.00025908908460509143,11,oscillations
352,352,352,37.0,4.0,2.0,0.00033117312338347616,0.0018298081214941893,29,chaotic-like
353,353,353,37.0,4.0,3.0,0.0002774390415844758,0.001268607670910944,27,chaotic-like
354,354,354,37.0,4.0,4.0,0.00046903126715772266,0.0013039124107793048,29,chaotic-like
355,355,355,37.0,5.0,0.0,3.5536912413029806e-06,0.0013546478931144692,21,chaotic-like
356,356,356,37.0,5.0,1.0,0.00013604930699727345,0.0015433879673914964,22,chaotic-like
357,357,357,37.0,5.0,2.0,4.382299279732029e-05,0.0011583750298220321,22,chaotic-like
358,358,358,37.0,5.0,3.0,1.7414834152283037e-05,0.0014122409756338787,21,chaotic-like
359,359,359,37.0,5.0,4.0,-2.1084702492793113e-05,0.0014781934158051419,22,chaotic-like
360,360,360,40.0,0.0,0.0,0.0003589253504715669,0.000422129636920632,3,stable
361,361,361,40.0,0.0,1.0,3.890561306466873e-05,0.0007293570253542623,3,stable
362,362,362,40.0,0.0,2.0,-0.00030326946807522084,0.001495597853409657,3,stable
363,363,363,40.0,0.0,3.0,0.0003004243130178466,0.0006003836688034199,3,stable
364,364,364,40.0,0.0,4.0,-0.0003286471667639097,0.0005242236512832621,3,stable
365,365,365,40.0,1.0,0.0,-0.0009732684946317935,0.0011558108355542336,5,stable
366,366,366,40.0,1.0,1.0,-0.0006836789860254072,0.00015072601694829092,5,stable
367,367,367,40.0,1.0,2.0,-0.0005463211286041457,0.0007073080019874452,20,chaotic-like
368,368,368,40.0,1.0,3.0,-0.0006861174270170174,0.00019358305244804942,5,stable
369,369,369,40.0,1.0,4.0,-0.000684903535392407,0.00022449578668517665,5,stable
370,370,370,40.0,2.0,0.0,-0.0005292012950018916,0.0008455825468859885,6,stable
371,371,371,40.0,2.0,1.0,-0.00047783987400610694,0.001075023221930301,7,stable
372,372,372,40.0,2.0,2.0,-0.0007481070703765725,0.00016089024655708403,7,stable
373,373,373,40.0,2.0,3.0,-0.000799270940492778,0.00010066566582833353,7,stable
374,374,374,40.0,2.0,4.0,-0.00016418335737139773,0.0007347164510972473,7,stable
375,375,375,40.0,3.0,0.0,0.0010454544636281575,0.001959343433285842,30,chaotic-like
376,376,376,40.0,3.0,1.0,0.00156834280350459,0.0021856769669292143,25,chaotic-like
377,377,377,40.0,3.0,2.0,0.001942284266200287,0.0024395957594310603,32,chaotic-like
378,378,378,40.0,3.0,3.0,0.001075723285744601,0.0016101208665885462,31,chaotic-like
379,379,379,40.0,3.0,4.0,0.0009268492856414812,0.0020718751325011124,31,chaotic-like
380,380,380,40.0,4.0,0.0,-0.0004813268141007976,0.0009538358000825896,4,stable
381,381,381,40.0,4.0,1.0,-0.00037553122227773704,0.0010306373382557553,4,stable
382,382,382,40.0,4.0,2.0,-0.00024836540785975705,0.0005880246596863031,4,stable
383,383,383,40.0,4.0,3.0,-0.0003611525172366483,0.0010643650121806535,4,stable
384,384,384,40.0,4.0,4.0,-0.0006631306650141195,0.0013680398370551651,4,stable
385,385,385,40.0,5.0,0.0,-0.0001713573734838377,0.0004873166672847921,4,stable
386,386,386,40.0,5.0,1.0,-0.0003652894567390606,0.0007173161055425227,4,stable
387,387,387,40.0,5.0,2.0,-0.00028293565232786946,0.00014057095833393387,4,stable
388,388,388,40.0,5.0,3.0,-0.0006061303329785943,0.001203247544330792,4,stable
389,389,389,40.0,5.0,4.0,-0.00032929856450218567,0.0008422626323073528,4,stable
390,390,390,43.0,0.0,0.0,-0.00013702528174320392,0.000576312850979996,7,stable
391,391,391,43.0,0.0,1.0,-9.231614747422806e-05,0.00037550202047476343,6,oscillations
392,392,392,43.0,0.0,2.0,-0.0006708222056780877,0.00017313556828642938,8,stable
393,393,393,43.0,0.0,3.0,-0.00016482530305850836,0.00031869627971593963,8,stable
394,394,394,43.0,0.0,4.0,-0.00022813400890610855,0.0007156969180921306,7,stable
395,395,395,43.0,1.0,0.0,-2.687729454033504e-05,0.00028352588059445024,5,stable
396,396,396,43.0,1.0,1.0,-0.0002469620045716182,0.0007474796110416759,5,stable
397,397,397,43.0,1.0,2.0,-2.105970892854291e-05,0.00027067340889274543,5,stable
398,398,398,43.0,1.0,3.0,2.1472920267705543e-05,0.00017377635597582613,5,stable
399,399,399,43.0,1.0,4.0,5.53618147637562e-05,0.00044781771741931106,5,stable
400,400,400,43.0,2.0,0.0,-0.001222853440062495,0.0003916455705218883,9,stable
401,401,401,43.0,2.0,1.0,-0.0012426075601257027,0.00044885623240520877,9,stable
402,402,402,43.0,2.0,2.0,-0.0012696919260120148,0.0004123198122778678,9,stable
403,403,403,43.0,2.0,3.0,-8.532101574376193e-05,0.0005284563372810661,7,stable
404,404,404,43.0,2.0,4.0,-0.0003236455160093514,0.0009771403127236812,7,stable
405,405,405,43.0,3.0,0.0,6.174255120838549e-05,0.0012790472975379144,14,chaotic-like
406,406,406,43.0,3.0,1.0,-0.00027647687422091446,0.0008322787670175042,7,stable
407,407,407,43.0,3.0,2.0,-0.00026764559057792646,0.0008593476925176326,7,stable
408,408,408,43.0,3.0,3.0,-0.0002826065617706204,0.001039651431528266,7,stable
409,409,409,43.0,3.0,4.0,-7.569422373578654e-05,0.0014461632060306317,14,chaotic-like
410,410,410,43.0,4.0,0.0,-0.001058510025856977,0.00018892754653655812,8,stable
411,411,411,43.0,4.0,1.0,-0.0006070717429644788,0.00018061225416412033,8,chaotic-like
412,412,412,43.0,4.0,2.0,-0.0012150666079671613,0.00044009835114362995,17,stable
413,413,413,43.0,4.0,3.0,-0.0010675265710608569,0.00021462170827618235,8,stable
414,414,414,43.0,4.0,4.0,-0.0010582662474867906,0.0002853846217517722,8,stable
415,415,415,43.0,5.0,0.0,-0.0008264417363279266,0.0006936616582335822,6,stable
416,416,416,43.0,5.0,1.0,-0.000876685405208525,0.0008090496534884619,6,stable
417,417,417,43.0,5.0,2.0,-0.0006375782110244615,0.0004156142027968949,6,stable
418,418,418,43.0,5.0,3.0,-0.0007003111112661609,0.000459356100944344,6,stable
419,419,419,43.0,5.0,4.0,-0.0007858077353917012,0.0006730848806164929,6,stable
420,420,420,46.0,0.0,0.0,-0.0006546325609759024,0.000936389927078363,7,stable
421,421,421,46.0,0.0,1.0,0.0002973527292945247,0.0025984964750888576,20,oscillations
422,422,422,46.0,0.0,2.0,-0.0003792218316550119,0.0004913455924120464,7,stable
423,423,423,46.0,0.0,3.0,2.59866255608789e-05,0.002679990136956222,20,oscillations
424,424,424,46.0,0.0,4.0,-0.0003627800400331913,0.0003448182619910323,7,stable
425,425,425,46.0,1.0,0.0,0.0018961460920687476,0.002101347480472425,40,chaotic-like
426,426,426,46.0,1.0,1.0,0.0029035334943189653,0.0024466624396361266,40,chaotic-like
427,427,427,46.0,1.0,2.0,0.001503639214450862,0.0017328215354950082,40,chaotic-like
428,428,428,46.0,1.0,3.0,0.0014790381192123403,0.002060855923550223,25,chaotic-like
429,429,429,46.0,1.0,4.0,0.0016648369975686612,0.0017384245571858672,24,chaotic-like
430,430,430,46.0,2.0,0.0,-0.00022967494537247374,0.00014323539974929423,4,stable
431,431,431,46.0,2.0,1.0,-0.00023146151794499955,0.00043980659320990486,7,stable
432,432,432,46.0,2.0,2.0,-0.00040538439738153865,0.00046713259661920113,7,stable
433,433,433,46.0,2.0,3.0,-0.00040015205626677626,0.0011155053125773379,4,stable
434,434,434,46.0,2.0,4.0,-0.00046105079285822326,0.0004986504534647901,15,stable
435,435,435,46.0,3.0,0.0,-0.0002609077589772316,0.0006841202611882378,7,stable
436,436,436,46.0,3.0,1.0,0.00028973314786791737,0.00019861403416133392,5,stable
437,437,437,46.0,3.0,2.0,0.00022862087635320844,0.0003593866031164324,5,stable
438,438,438,46.0,3.0,3.0,-9.18999102736007e-05,0.0008680527632151321,5,stable
439,439,439,46.0,3.0,4.0,-0.00026720990414128676,0.0006823691932758328,7,stable
440,440,440,46.0,4.0,0.0,-0.000700259005638198,0.00015472288281545395,6,stable
441,441,441,46.0,4.0,1.0,0.00014172776953597254,0.00046961184887381644,5,stable
442,442,442,46.0,4.0,2.0,-0.0005913620386216275,0.0004173492835265352,6,stable
443,443,443,46.0,4.0,3.0,-0.0007026432501612614,0.0005374418338972851,6,stable
444,444,444,46.0,4.0,4.0,-0.0006880482011632016,0.00048128054261159986,6,stable
445,445,445,46.0,5.0,0.0,0.0009128511621011336,0.002249004829084021,32,chaotic-like
446,446,446,46.0,5.0,1.0,0.0008235193840417099,0.002645497489683019,28,chaotic-like
447,447,447,46.0,5.0,2.0,0.001109032261126947,0.0024506417536231478,30,chaotic-like
448,448,448,46.0,5.0,3.0,0.0007905009144084528,0.0018292317844895729,31,chaotic-like
449,449,449,46.0,5.0,4.0,0.0011787517057884676,0.0017697894883011342,28,chaotic-like
450,450,450,49.0,0.0,0.0,-0.0006035742184580317,0.00041054992405423625,9,stable
451,451,451,49.0,0.0,1.0,-0.0004821564056904792,0.00043295830346336056,6,stable
452,452,452,49.0,0.0,2.0,-0.0006181836651401598,0.00042359466038573027,9,stable
453,453,453,49.0,0.0,3.0,-0.0010366705052373803,4.5408740046920774e-05,9,stable
454,454,454,49.0,0.0,4.0,-0.0005476376258715511,0.00041443650399822403,6,stable
455,455,455,49.0,1.0,0.0,-0.0007897326873067132,0.0004158348786589451,11,stable
456,456,456,49.0,1.0,1.0,0.0005793679260165734,0.0018652829589460489,19,chaotic-like
457,457,457,49.0,1.0,2.0,-0.0007411883044798426,0.00036060920911332617,12,stable
458,458,458,49.0,1.0,3.0,0.0006695229521212211,0.0020123802085865476,12,stable
459,459,459,49.0,1.0,4.0,0.0006312402815072534,0.0019950684512155363,25,chaotic-like
460,460,460,49.0,2.0,0.0,-8.287402341610167e-06,0.0005048564559965008,26,chaotic-like
461,461,461,49.0,2.0,1.0,-2.7965059337966697e-05,0.00041334354570291763,26,chaotic-like
462,462,462,49.0,2.0,2.0,7.788293748600813e-05,0.0010713683511256258,24,chaotic-like
463,463,463,49.0,2.0,3.0,4.3971728720942384e-05,0.001014274569148802,14,chaotic-like
464,464,464,49.0,2.0,4.0,3.635125753816307e-05,0.00048245707941169683,14,chaotic-like
465,465,465,49.0,3.0,0.0,0.00015495456058546006,0.0020508923094795352,36,chaotic-like
466,466,466,49.0,3.0,1.0,0.000302481353900822,0.001798784110263194,38,chaotic-like
467,467,467,49.0,3.0,2.0,-4.862056160434341e-06,0.001370370949302444,32,chaotic-like
468,468,468,49.0,3.0,3.0,7.14337197914064e-05,0.002068863165596244,36,chaotic-like
469,469,469,49.0,3.0,4.0,-5.8142030692067425e-05,0.0015774649413953512,36,chaotic-like
470,470,470,49.0,4.0,0.0,-0.000638379155273211,0.0003699469711705352,7,stable
471,471,471,49.0,4.0,1.0,-0.0006636639259909967,0.000273412991006289,7,stable
472,472,472,49.0,4.0,2.0,-0.0006672085986189295,0.00040771651322509607,7,stable
473,473,473,49.0,4.0,3.0,-3.273143773680366e-05,0.0004218709465405533,9,stable
474,474,474,49.0,4.0,4.0,-0.0006738428356484015,0.00044432176003256484,7,stable
475,475,475,49.0,5.0,0.0,-0.0003515822148615007,0.00015652822510271708,6,stable
476,476,476,49.0,5.0,1.0,-0.00012038551500118755,0.0012449675014998527,3,stable
477,477,477,49.0,5.0,2.0,-4.743202632128893e-05,0.0008610186365325877,3,stable
478,478,478,49.0,5.0,3.0,-0.00015885475780880726,0.0008891297022114049,3,stable
479,479,479,49.0,5.0,4.0,5.5971679521008726e-05,0.00021634476900716704,3,stable
